env_name,policy_name,n_episodes,success_rate,ci95,mean_return,std_return,mean_length,std_length,wall_time_s
L1-PickPlace,random,100,0.0,0.018497403738000955,-142.36672277292573,20.839272621356937,200.0,0.0,5.590389013290405
L1-PickPlace,scripted,100,0.0,0.018497403738000955,-53.16738563709189,25.212206894865886,200.0,0.0,7.024049997329712
MoveTo,random,100,0.0,0.018497403738000955,-715.7626155395003,110.64734016430351,200.0,0.0,5.408936977386475
MoveTo,scripted,100,0.2,0.07773251968370179,-260.32791511425836,126.72408939911271,187.58,25.96389030942782,6.130801200866699
L2-ColorPick,random,100,0.0,0.018497403738000955,-142.56879496321778,22.036065375481407,200.0,0.0,8.184940099716187
L3-Stack,random,100,0.0,0.018497403738000955,-138.02465060060365,23.500707193921176,200.0,0.0,8.216241836547852
L4-Sort,random,100,0.0,0.018497403738000955,-706.4656366439507,171.81398072813423,200.0,0.0,8.281661033630371
L5-Language,random,100,0.04,0.04135456088711286,-955.2,219.47428095337278,192.04,38.995876705108195,7.8420350551605225
