{
  "final_eval": {
    "mean_reward": -158.552561062445,
    "std_reward": 16.392794494431325,
    "success_rate": 0.0,
    "n_episodes": 100
  },
  "best_success_rate": 0.0,
  "total_steps": 200,
  "seed": 0,
  "eval_history": [
    {
      "step": 100,
      "mean_reward": -154.65693510663556,
      "std_reward": 2.3687127210389747,
      "success_rate": 0.0,
      "n_episodes": 2
    },
    {
      "step": 200,
      "mean_reward": -154.65693510663556,
      "std_reward": 2.3687127210389747,
      "success_rate": 0.0,
      "n_episodes": 2
    }
  ]
}