{
  "final_eval": {
    "mean_reward": -123.93316774487182,
    "std_reward": 17.615026250799364,
    "success_rate": 0.0,
    "n_episodes": 100
  },
  "best_success_rate": 0.0,
  "total_steps": 200,
  "seed": 0,
  "eval_history": [
    {
      "step": 100,
      "mean_reward": -123.40058386540068,
      "std_reward": 2.656543750194537,
      "success_rate": 0.0,
      "n_episodes": 2
    },
    {
      "step": 200,
      "mean_reward": -123.40058386540068,
      "std_reward": 2.656543750194537,
      "success_rate": 0.0,
      "n_episodes": 2
    }
  ]
}