{
  "final_eval": {
    "mean_reward": -169.585147548268,
    "std_reward": 17.404284887489943,
    "success_rate": 0.0,
    "n_episodes": 100
  },
  "best_success_rate": 0.0,
  "total_steps": 200,
  "seed": 0,
  "eval_history": [
    {
      "step": 100,
      "mean_reward": -168.59975424838416,
      "std_reward": 2.769321306535147,
      "success_rate": 0.0,
      "n_episodes": 2
    },
    {
      "step": 200,
      "mean_reward": -168.59975424838416,
      "std_reward": 2.769321306535147,
      "success_rate": 0.0,
      "n_episodes": 2
    }
  ]
}