{
  "final_eval": {
    "mean_reward": -126.804536934241,
    "std_reward": 18.70826060138962,
    "success_rate": 0.0,
    "n_episodes": 100
  },
  "best_success_rate": 0.0,
  "total_steps": 200,
  "seed": 0,
  "eval_history": [
    {
      "step": 100,
      "mean_reward": -126.97882380605402,
      "std_reward": 1.4818035655845705,
      "success_rate": 0.0,
      "n_episodes": 2
    },
    {
      "step": 200,
      "mean_reward": -126.97882380605402,
      "std_reward": 1.4818035655845705,
      "success_rate": 0.0,
      "n_episodes": 2
    }
  ]
}