{
  "final_eval": {
    "mean_reward": -124.97761866660574,
    "std_reward": 18.00248289540827,
    "success_rate": 0.0,
    "n_episodes": 100
  },
  "best_success_rate": 0.0,
  "total_steps": 200,
  "seed": 0,
  "eval_history": [
    {
      "step": 100,
      "mean_reward": -123.98608140668284,
      "std_reward": 2.353849489143329,
      "success_rate": 0.0,
      "n_episodes": 2
    },
    {
      "step": 200,
      "mean_reward": -123.98608140668284,
      "std_reward": 2.353849489143329,
      "success_rate": 0.0,
      "n_episodes": 2
    }
  ]
}