{
  "final_eval": {
    "mean_reward": -152.53229768939457,
    "std_reward": 18.96087866648652,
    "success_rate": 0.0,
    "n_episodes": 100
  },
  "best_success_rate": 0.0,
  "total_steps": 200,
  "seed": 0,
  "eval_history": [
    {
      "step": 100,
      "mean_reward": -152.00565515110907,
      "std_reward": 2.5955601093507,
      "success_rate": 0.0,
      "n_episodes": 2
    },
    {
      "step": 200,
      "mean_reward": -152.00565515110907,
      "std_reward": 2.5955601093507,
      "success_rate": 0.0,
      "n_episodes": 2
    }
  ]
}