{
  "final_eval": {
    "mean_reward": -123.4265635822698,
    "std_reward": 19.29025278058844,
    "success_rate": 0.0,
    "n_episodes": 100
  },
  "best_success_rate": 0.0,
  "total_steps": 200,
  "seed": 0,
  "eval_history": [
    {
      "step": 100,
      "mean_reward": -124.07295698812177,
      "std_reward": 5.95387864371741,
      "success_rate": 0.0,
      "n_episodes": 2
    },
    {
      "step": 200,
      "mean_reward": -124.07295698812177,
      "std_reward": 5.95387864371741,
      "success_rate": 0.0,
      "n_episodes": 2
    }
  ]
}